herd,year,count,Sightability,sd,MinUsed,Est_CL,Est_CL.min,Est_CL.max
Banff,2008,0,NA,NA,0,0,0,0
Banff,2007,5,NA,NA,0,6.199429419771287,5.672882147755334,6.8337240639897185
Banff,2006,5,NA,NA,0,6.199429419771287,5.672882147755334,6.8337240639897185
Banff,2005,6,NA,NA,0,7.439315303725545,6.8074585773064005,8.200468876787662
Banff,2004,5,NA,NA,0,6.199429419771287,5.672882147755334,6.8337240639897185
Banff,2003,4,NA,NA,0,4.95954353581703,4.538305718204267,5.466979251191775
Banff,2002,2,NA,NA,0,2.479771767908515,2.2691528591021335,2.7334896255958876
Banff,2001,4,NA,NA,0,4.95954353581703,4.538305718204267,5.466979251191775
Banff,2000,5,NA,NA,0,6.199429419771287,5.672882147755334,6.8337240639897185
Banff,1999,3,NA,NA,0,3.7196576518627724,3.4037292886532002,4.100234438393831
Banff,1996,8,NA,NA,0,9.91908707163406,9.076611436408534,10.93395850238355
Banff,1995,17,NA,NA,0,21.078060027222378,19.287799302368136,23.234661817565044
Banff,1994,19,NA,NA,0,23.55783179513089,21.556952161470267,25.96815144316093
Banff,1992,24,NA,NA,0,29.75726121490218,27.229834309225602,32.80187550715065
Banff,1989,22,NA,NA,0,27.277489446993663,24.96068145012347,30.06838588155476
Banff,1986,29,NA,NA,0,35.956690634673464,32.90271645698093,39.63559957114037
Barkerville,2020,46,NA,NA,0,57.03475066189584,52.19051575934907,62.87026138870541
Barkerville,2018,41,NA,NA,0,50.83532124212456,46.51763361159374,56.036537324715695
Barkerville,2016,51,NA,NA,0,63.23418008166713,57.86339790710441,69.70398545269514
Barkerville,2012,75,NA,NA,0,92.9914412965693,85.09323221633001,102.50586095984578
Barkerville,2011,60,NA,NA,0,74.39315303725544,68.074585773064,82.00468876787663
Barkerville,2006,51,0.8571428571428571,0.13226001425322165,0,59.5,51.546242157188594,70.35619686720166
Barkerville,2005,44,1,0.13778527025435772,0,44,38.671620340245376,51.031371283787074
Barkerville,2004,32,0.5714285714285714,0.1870439059165649,0,56,42.190060886597834,83.24993911340216
Barkerville,2002,41,0.6666666666666666,0.19245008972987526,0,61.5,47.72343187900256,86.45838630281564
Barkerville,2001,35,1,0.27498212801249905,0,35,27.45136518467095,48.27467204919245
Barkerville,2000,38,0.6666666666666666,0.2721655269759087,0,57,40.47581693227177,96.32418306772824
Barkerville,1997,50,1,0.3589966972391642,0,50,36.791848060835065,78.00271821478502
Barkerville,1994,39,1,0.35829055544644395,0,39,28.712560684176626,60.775169090946925
Barkerville,1992,27,NA,NA,0,33.47691886676495,30.6335635978788,36.90210994554448
Barkerville,1991,31,NA,NA,0,38.43646240258198,35.17186931608307,42.369089196736255
Barkerville,1989,37,NA,NA,0,45.875777706307524,41.97932789338947,50.569558073523915
Barkerville,1988,38,NA,NA,0,47.11566359026178,43.113904322940535,51.93630288632186
Barkerville,1987,33,NA,NA,0,40.9162341704905,37.4410221751852,45.10257882233214
Brazeau,2020,7,NA,NA,0,8.679201187679801,7.942035006857467,9.567213689585607
Brazeau,2019,8,NA,NA,0,9.91908707163406,9.076611436408534,10.93395850238355
Brazeau,2018,10,NA,NA,0,12.398858839542575,11.345764295510667,13.667448127979437
Brazeau,2017,8,NA,NA,0,9.91908707163406,9.076611436408534,10.93395850238355
Brazeau,2016,7,NA,NA,0,8.679201187679801,7.942035006857467,9.567213689585607
Brazeau,2015,12,1,0,0,12,12,12
Brazeau,2014,9,0.99,0.07486035635450085,1,9.090909090909092,8.451812433708279,9.834564661790962
Brazeau,2013,13,0.99,0.07486035635450085,1,13.131313131313131,12.208173515356403,14.205482289253611
Brazeau,2012,12,0.99,0.07486035635450085,1,12.121212121212121,11.269083244944373,13.11275288238795
Brazeau,2011,11,1,0.21120261372446045,0,11,9.081882647342452,13.945279474034063
Brazeau,2010,6,0.6666666666666666,0.2721655269759087,0,9,6.39091846299028,15.209081537009721
Brazeau,2009,9,1,0.27106790873225395,0,9,7.080660237088733,12.346829159829355
Brazeau,2008,13,1,0.21980275419282286,0,13,10.65746077004266,16.662453078196208
Brazeau,2007,20,1,0.17919808021279623,0,20,16.960678901708214,24.366414743748507
Brazeau,2006,17,0.8,0.17888543819998315,0,21.25,17.366690050329417,27.370152054933737
Brazeau,2005,24,1,0.27460571222404506,0,24,18.829352300738297,33.08545490974783
Brazeau,2004,17,0.5,0.3535533905932738,0,34,19.91673887931477,116.08326112068525
Brazeau,2003,16,1,0,0,16,16,16
Brazeau,2001,6,NA,NA,0,7.439315303725545,6.8074585773064005,8.200468876787662
Brazeau,2000,14,NA,NA,0,17.358402375359603,15.884070013714934,19.134427379171214
Brazeau,1998,16,NA,NA,0,19.83817414326812,18.153222872817068,21.8679170047671
Brazeau,1996,8,NA,NA,0,9.91908707163406,9.076611436408534,10.93395850238355
Brazeau,1993,31,NA,NA,0,38.43646240258198,35.17186931608307,42.369089196736255
Brazeau,1988,39,0.99,0.07486035635450085,1,39.39393939393939,36.62452054606921,42.616446867760835
Burnt Pine,2014,1,NA,NA,0,1.2398858839542575,1.1345764295510667,1.3667448127979438
Burnt Pine,2012,1,1,0,0,1,1,1
Burnt Pine,2011,5,NA,NA,0,6.199429419771287,5.672882147755334,6.8337240639897185
Burnt Pine,2008,13,1,0,0,13,13,13
Burnt Pine,2002,20,NA,NA,0,24.79771767908515,22.691528591021335,27.334896255958874
Central Rockies,2008,3,NA,NA,0,3.7196576518627724,3.4037292886532002,4.100234438393831
Central Rockies,2006,2,0.99,0.07486035635450085,1,2.0202020202020203,1.878180540824062,2.185458813731325
Central Rockies,2004,1,0.99,0.07486035635450085,1,1.0101010101010102,0.939090270412031,1.0927294068656626
Central Rockies,2002,5,1,0,0,5,5,5
Central Rockies,1997,21,0.99,0.07486035635450085,1,21.21212121212121,19.720895678652653,22.94731754417891
Central Rockies,1995,25,0.99,0.07486035635450085,1,25.252525252525253,23.477256760300776,27.31823517164156
Charlotte Alplands,2020,24,NA,NA,0,29.75726121490218,27.229834309225602,32.80187550715065
Charlotte Alplands,2001,23,NA,NA,0,28.51737533094792,26.095257879674534,31.435130694352704
Charlotte Alplands,2000,12,NA,NA,0,14.87863060745109,13.614917154612801,16.400937753575324
Charlotte Alplands,1999,39,NA,NA,0,48.35554947421604,44.2484807524916,53.30304769911981
Charlotte Alplands,1998,30,NA,NA,0,37.19657651862772,34.037292886532,41.002344383938315
Charlotte Alplands,1993,53,NA,NA,0,65.71395184957565,60.132550766206535,72.43747507829102
Charlotte Alplands,1991,52,1,0.18170133564554586,0,52,44.00435070304221,63.546480356316074
Chase,2021,393.9677419354839,0.7419354838709677,0.07858983387512676,0,531,480.1408724567769,593.9101913730104
Chase,2019,487.88235294117646,0.8529411764705882,0.060738718621252456,0,572,533.9751433319389,615.85564158141494
Chase,2009,475,1,0.05307951317287365,0,475,451.0580578752784,501.6260674553532
Chase,2008,538.2857142857142,0.8571428571428571,0.13226001425322165,0,628,544.0510936926796,742.5830526487838
Chase,2007,436.3333333333333,0.7777777777777778,0.13857990321384966,0,561,476.16050193540093,682.6263833105006
Quintette,2008,173,0.99,0.07486035635450085,1,174.74747474747474,162.46261678128135,189.0421873877596
Chase,2002,575,1,0.0933349956951914,0,575,525.9138345191167,634.1923392542157
Columbia North,2021,158,0.8571428571428571,0.09352195295828246,0,184.33333333333334,166.19948305774636,206.90895067719342
Columbia North,2017,135,NA,NA,0,167.38459433382477,153.16781798939402,184.5105497277224
Columbia North,2013,148,NA,NA,0,183.5031108252301,167.91731157355787,202.27823229409566
Columbia North,2011,101,NA,NA,0,125.22847427938,114.59221938465774,138.04122609259232
Columbia North,2008,139,0.8333333333333334,0.15214515486254612,0,166.79999999999998,141.0482335890132,204.05521468684884
Columbia North,2006,125,0.9,0.09486832980505137,0,138.88888888888889,125.644767508575,155.25410889591936
Columbia North,2004,136,0.99,0.07486035635450085,1,137.37373737373738,127.71627677603622,148.6111993337301
Columbia North,2002,152,0.99,0.07486035635450085,1,153.53535353535355,142.7417211026287,166.09486984358068
Columbia North,1997,203,0.8823529411764706,0.07814248990059665,0,230.06666666666666,211.34926146641075,252.42148952173156
Columbia North,1996,193,0.99,0.07486035635450085,1,194.94949494949495,181.244422189522,210.89677552507285
Columbia North,1994,209,0.99,0.07486035635450085,1,211.11111111111111,196.2698665161145,228.38044603492347
Columbia South,2020,4,NA,NA,0,4.95954353581703,4.538305718204267,5.466979251191775
Columbia South,2016,4,NA,NA,0,4.95954353581703,4.538305718204267,5.466979251191775
Columbia South,2013,6,NA,NA,0,7.439315303725545,6.8074585773064005,8.200468876787662
Columbia South,2011,7,0.99,0.07486035635450085,1,7.070707070707071,6.573631892884217,7.649105848059637
Columbia South,2009,14,0.99,0.07486035635450085,1,14.141414141414142,13.147263785768434,15.298211696119274
Columbia South,2008,20,1,0.3514591349268415,0,20,14.798819648425892,30.83845764714287
Columbia South,2007,32,1,0.2703201099636132,0,32,25.19050099971778,43.85484708699354
Columbia South,2006,38,0.99,0.07486035635450085,1,38.38383838383839,35.685430275657176,41.52371746089517
Columbia South,2004,40,0.99,0.07486035635450085,1,40.4040404040404,37.563610816481244,43.7091762746265
Columbia South,2002,29,0.6666666666666666,0.2721655269759087,0,43.5,30.889439237786352,73.51056076221366
Columbia South,1997,93,1,0.10248967637471183,0,93,84.35453137829778,103.61997801245084
Columbia South,1996,94,0.99,0.07486035635450085,1,94.94949494949495,88.27448541873092,102.71656424537227
Columbia South,1994,117,0.99,0.07486035635450085,1,118.18181818181819,109.87356163820763,127.84934060328251
Duncan,2019,0,NA,NA,0,0,0,0
Duncan,2018,0,NA,NA,0,0,0,0
Duncan,2017,0,NA,NA,0,0,0,0
Duncan,2016,0,NA,NA,0,0,0,0
Duncan,2015,1,NA,NA,0,1.2398858839542575,1.1345764295510667,1.3667448127979438
Duncan,2012,2,NA,NA,0,2.479771767908515,2.2691528591021335,2.7334896255958876
Duncan,2010,7,NA,NA,0,8.679201187679801,7.942035006857467,9.567213689585607
Duncan,2008,15,0.99,0.07486035635450085,1,15.151515151515152,14.086354056180465,16.390941102984936
Duncan,2007,16,0.99,0.07486035635450085,1,16.161616161616163,15.025444326592496,17.4836705098506
Duncan,2002,17,0.6666666666666666,0.15713484026367724,0,25.5,20.63603896932107,33.36396103067894
Duncan,1999,26,0.8235294117647058,0.09245944094039717,0,31.571428571428573,28.384624903694696,35.564311266518075
Duncan,1997,24,0.9565217391304348,0.04252257799320223,0,25.09090909090909,24.02295832991548,26.2582297888964
Duncan,1996,42,0.99,0.07486035635450085,1,42.42424242424242,39.441791357305306,45.89463508835782
Duncan,1995,36,0.99,0.07486035635450085,1,36.36363636363637,33.807249734833114,39.33825864716385
Frisby-Boulder,2020,6,NA,NA,0,7.439315303725545,6.8074585773064005,8.200468876787662
Frisby-Boulder,2013,11,NA,NA,0,13.638744723496831,12.480340725061735,15.03419294077738
Frisby-Boulder,2011,10,0.99,0.07486035635450085,1,10.1010101010101,9.390902704120311,10.927294068656625
Frisby-Boulder,2008,12,1,0,0,12,12,12
Frisby-Boulder,2006,16,1,0,0,16,16,16
Frisby-Boulder,2004,16,0.5,0.3535533905932738,0,32,18.74516600406096,109.25483399593907
Frisby-Boulder,2002,20,1,0.17305868747135875,0,20,17.04944536331079,24.185513163979575
Frisby-Boulder,1997,35,1,0.22135025058362418,0,35,28.65680830152955,44.94960670857941
Frisby-Boulder,1996,20,0.75,0.21650635094610965,0,26.666666666666668,20.693086993605444,37.48873118821273
Frisby-Boulder,1994,36,0.5,0.3535533905932738,0,72,42.17662350913716,245.82337649086287
George Mountain,2010,0,NA,NA,0,0,0,0
George Mountain,2009,0,NA,NA,0,0,0,0
George Mountain,2007,0,NA,NA,0,0,0,0
George Mountain,2006,0,NA,NA,0,0,0,0
George Mountain,2005,0,NA,NA,0,0,0,0
George Mountain,2004,0,NA,NA,0,0,0,0
George Mountain,2002,3,NA,NA,0,3.7196576518627724,3.4037292886532002,4.100234438393831
George Mountain,1999,6,0.99,0.07486035635450085,1,6.0606060606060606,5.634541622472186,6.556376441193975
Graham,2021,109,0.47368421052631576,0.11454888159631764,0,230.11111111111111,185.30069365304587,303.5067597631033
Graham,2019,80,0.99,0.07486035635450085,1,80.8080808080808,75.12722163296249,87.418352549253
Graham,2016,76,0.2608695652173913,0.09156053715170007,0,291.3333333333333,215.64559749327847,448.88332812655625
Graham,2015,189,NA,NA,0,234.33843206735466,214.4349451851516,258.31476961881134
Graham,2009,190,0.99,0.07486035635450085,1,191.91919191919192,178.42715137828588,207.61858730447588
Graham,2002,113,NA,NA,0,140.10710488683108,128.20713653927055,154.44216384616763
Graham,1989,581,0.3333333333333333,0.15713484026367724,0,1743,1184.582468907298,3297.4175310927026
Graham,1988,209,0.125,0.11692679333668567,0,1672,863.89769862794,25888.102301372055
Groundhog,2021,34,1,0,0,34,34,34
Groundhog,2020,31,NA,NA,0,38.43646240258198,35.17186931608307,42.369089196736255
Groundhog,2019,18,NA,NA,0,22.317945911176633,20.422375731919203,24.601406630362987
Groundhog,2018,19,NA,NA,0,23.55783179513089,21.556952161470267,25.96815144316093
Groundhog,2017,13,NA,NA,0,16.118516491405348,14.749493584163869,17.767682566373267
Groundhog,2013,11,NA,NA,0,13.638744723496831,12.480340725061735,15.03419294077738
Groundhog,2011,6,NA,NA,0,7.439315303725545,6.8074585773064005,8.200468876787662
Groundhog,2010,9,NA,NA,0,11.158972955588316,10.211187865959602,12.300703315181494
Groundhog,2008,23,NA,NA,0,28.51737533094792,26.095257879674534,31.435130694352704
Groundhog,2006,23,NA,NA,0,28.51737533094792,26.095257879674534,31.435130694352704
Groundhog,1999,24,NA,NA,0,29.75726121490218,27.229834309225602,32.80187550715065
Hart North,2021,114,0.9333333333333333,0.06440611887195305,0,122.14285714285714,114.25828631716202,131.19625913738344
Hart North,2020,109,0.9166666666666666,0.07978559231302819,0,118.90909090909092,109.38808058060827,130.24550720565128
Hart North,2019,110,0.9166666666666666,0.07978559231302819,0,120,110.39164095290744,131.44042011579486
Hart North,2016,110,NA,NA,0,136.3874472349683,124.80340725061734,150.34192940777382
Hart North,2013,84,0.8333333333333334,0.1075828707279838,0,100.8,89.27468741363703,115.74226173890533
Hart North,2012,111,0.8888888888888888,0.10475656017578484,0,124.875,111.70986603368956,141.55773960011328
Hart North,2010,149,0.5882352941176471,0.11936462498726878,0,253.29999999999998,210.5709681093219,317.784860111537
Hart North,2009,147,0.8,0.08944271909999157,0,183.75,165.27202577895764,206.87987295521955
Hart North,2008,121,0.7777777777777778,0.13857990321384966,0,155.57142857142856,132.04450894006916,189.29975335501277
Hart North,2007,159,0.7692307692307693,0.11685454235580768,0,206.7,179.440961181608,243.72439314910062
Hart North,2006,191,NA,NA,0,236.81820383526318,216.70409804425375,261.04825924440723
Hart South,2021,282,1,0.062026988862488815,0,282,265.52997518645293,300.64830933462486
Hart South,2020,289,1,0.037302470622617385,0,289,278.6072608373662,300.1981319998905
Quintette,2013,83,0.6470588235294118,0.1159040430757386,0,128.27272727272725,108.78642150608657,156.2633022508195
Hart South,2019,235,0.9117647058823529,0.04864330767996384,0,257.741935483871,244.6876709497092,272.26760973535266
Hart South,2016,203,NA,NA,0,251.69683444271425,230.31901519886654,277.4491969979826
Hart South,2012,348,NA,NA,0,431.48028761608157,394.8325974837712,475.62719485368444
Hart South,2010,298,NA,NA,0,369.4859934183687,338.1037760062179,407.2899542137872
Hart South,2006,387,NA,NA,0,479.8358370902976,439.08107823626284,528.9302425528042
Hart South,2005,368,NA,NA,0,456.27800529516674,417.52412607479255,502.96209110964327
Itcha-Ilgachuz,2020,382,0.6666666666666666,0.10286889997472795,0,573,496.40330682469016,677.547912687505
Itcha-Ilgachuz,2019,185,0.48,0.09991996797437437,0,385.4166666666667,319.00953617133393,486.7395927485267
Itcha-Ilgachuz,2018,473,0.7368421052631579,0.0714337781619259,0,641.9285714285714,585.1962302718398,710.8417203922969
Itcha-Ilgachuz,2017,451,NA,NA,0,559.1885336633701,511.6939697275311,616.4019105718726
Itcha-Ilgachuz,2014,685,0.4782608695652174,0.10415861863104658,0,1432.2727272727273,1176.1282269613348,1831.0501962751796
Itcha-Ilgachuz,2012,1003,0.59375,0.08682074519880027,0,1689.2631578947369,1473.7630247491986,1978.5798323936583
Itcha-Ilgachuz,2010,1367,NA,NA,0,1694.9240033654698,1550.9659791963084,1868.340159094789
Itcha-Ilgachuz,2009,2093,NA,NA,0,2595.081155116261,2374.668467050383,2860.596893186096
Itcha-Ilgachuz,2007,1784,NA,NA,0,2211.9564169743953,2024.0843503191031,2438.272746031532
Itcha-Ilgachuz,2003,2861,0.6363636363636364,0.14504073367590284,0,4495.857142857143,3661.3565391952347,5823.054419708875
Itcha-Ilgachuz,2002,2862,0.8571428571428571,0.09352195295828246,0,3339,3010.5248133624686,3747.9330179628328
Itcha-Ilgachuz,2001,2051,0.7894736842105263,0.09352877017248827,0,2597.9333333333334,2322.756850583283,2947.0723309113787
Itcha-Ilgachuz,2000,2167,0.7142857142857143,0.0985807941917649,0,3033.7999999999997,2665.874380848645,3519.54309487951
Itcha-Ilgachuz,1999,1754,0.7727272727272727,0.08934606739851096,0,2269.8823529411766,2034.6296751783054,2566.6494576130226
Itcha-Ilgachuz,1998,2121,0.7894736842105263,0.09352877017248827,0,2686.6,2402.0318284188897,3047.6550043213238
Itcha-Ilgachuz,1997,1689,0.8947368421052632,0.07040590042736196,0,1887.7058823529412,1750.0002078116502,2048.934371627602
Itcha-Ilgachuz,1996,1327,0.6190476190476191,0.10597116957413082,0,2143.6153846153848,1830.2973948062886,2586.359208967296
Itcha-Ilgachuz,1995,1321,NA,NA,0,1637.8892527035741,1498.7754634369592,1805.4698977060837
Itcha-Ilgachuz,1994,1136,NA,NA,0,1408.5103641720364,1288.8788239700118,1552.622107338464
Itcha-Ilgachuz,1992,1194,NA,NA,0,1480.4237454413833,1354.6842568839736,1631.8933064807447
Itcha-Ilgachuz,1991,1408,NA,NA,0,1745.7593246075944,1597.483612807902,1924.3766964195047
Itcha-Ilgachuz,1990,1215,NA,NA,0,1506.4613490044228,1378.510361904546,1660.5949475495017
Itcha-Ilgachuz,1989,1162,NA,NA,0,1440.747397154847,1318.3778111383397,1588.1574724712107
Itcha-Ilgachuz,1987,933,0.6153846153846154,0.1349320029703122,0,1516.125,1243.4750572972866,1941.9188820966524
Itcha-Ilgachuz,1986,929,0.6428571428571429,0.12806020814297073,0,1445.111111111111,1205.0578428346505,1804.5950497273327
Itcha-Ilgachuz,1985,985,0.8461538461538461,0.10006825162892168,0,1164.090909090909,1040.9818184420956,1320.2238553167697
Itcha-Ilgachuz,1984,775,NA,NA,0,960.9115600645495,879.2967329020768,1059.2272299184065
Itcha-Ilgachuz,1983,710,NA,NA,0,880.3189776075228,805.5492649812574,970.38881708654
Itcha-Ilgachuz,1982,711,NA,NA,0,881.558863491477,806.6838414108084,971.755561899338
Quintette,2016,29,0.4666666666666667,0.12881223774390613,0,62.14285714285714,48.70029783625211,85.8357846379747
Kennedy Siding,2021,99,1,0.17343217325144467,0,99,84.36789296963151,119.77238503152643
Kennedy Siding,2020,87,1,0.1042644167463847,0,87,78.78547807991282,97.12687720184846
Kennedy Siding,2019,77,1,0.09538793874939812,0,77,70.2947305480748,85.11936032949811
Kennedy Siding,2018,65,1,0.1043167328197077,0,65,58.859924936600585,72.57029619926587
Kennedy Siding,2017,63,1,0.15044367705767311,0,63,54.76148138005867,74.15635467441142
Kennedy Siding,2016,50,1,0.21917809890369563,0,50,41.011235392893624,64.03508908983989
Kennedy Siding,2015,49,1,0.27782061731721336,0,49,38.34654045798352,67.85017846670233
Kennedy Siding,2012,41,1,0.1127703624834766,0,41,36.844978427082076,46.211260609783714
Kennedy Siding,2011,44,0.99,0.07486035635450085,1,44.44444444444444,41.31997189812937,48.080093902089146
Kennedy Siding,2002,99,NA,NA,0,122.74870251147149,112.3230665255556,135.30773646699643
Klinse-Za,2021,101,1,0.05019266118422889,0,101,96.17282974164888,106.33735482179762
Klinse-Za,2020,85,0.99,0.07486035635450085,1,85.85858585858585,79.82267298502263,92.8819995835813
Klinse-Za,2019,81,0.99,0.07486035635450085,1,81.81818181818181,76.06631190337451,88.51108195611866
Klinse-Za,2018,66,0.99,0.07486035635450085,1,66.66666666666667,61.97995784719405,72.12014085313372
Klinse-Za,2017,61,0.99,0.07486035635450085,1,61.61616161616162,57.28450649513389,66.65649381880542
Klinse-Za,2016,54,0.99,0.07486035635450085,1,54.54545454545455,50.710874602249675,59.007387970745775
Klinse-Za,2015,42,0.99,0.07486035635450085,1,42.42424242424242,39.441791357305306,45.89463508835782
Klinse-Za,2013,36,0.99,0.07486035635450085,1,36.36363636363637,33.807249734833114,39.33825864716385
Klinse-Za,2012,25,1,0.2704856665872737,0,25,19.677514400578772,34.26937464415264
Klinse-Za,1996,220,NA,NA,0,272.7748944699366,249.60681450123468,300.68385881554764
Maligne,2021,0,NA,NA,0,0,0,0
Maligne,2020,0,NA,NA,0,0,0,0
Maligne,2019,0,NA,NA,0,0,0,0
Maligne,2018,0,NA,NA,0,0,0,0
Maligne,2017,3,0.99,0.07486035635450085,1,3.0303030303030303,2.817270811236093,3.2781882205969874
Maligne,2016,3,1,0,0,3,3,3
Maligne,2015,3,1,0,0,3,3,3
Quintette,2018,49,0.6666666666666666,0.11111111111111112,0,73.5,63,88.20000000000002
Maligne,2014,2,1,0,0,2,2,2
Maligne,2013,5,1,0.3550282313352597,0,5,3.689960020296363,7.752277297890578
Maligne,2012,6,1,0.3500664887511298,0,6,4.444225562216762,9.231713546314587
Maligne,2011,6,0.99,0.07486035635450085,1,6.0606060606060606,5.634541622472186,6.556376441193975
Maligne,2009,4,1,0,0,4,4,4
Maligne,2008,4,0.5,0.3535533905932738,0,8,4.68629150101524,27.313708498984766
Maligne,2007,5,1,0.36347780691001796,0,5,3.6670930576649807,7.855185654607921
Maligne,2006,7,0.5,0.3535533905932738,0,14,8.20101012677667,47.79898987322334
Maligne,2005,8,1,0.357652996164809,0,8,5.8925218907916435,12.45432757097842
Maligne,2004,7,0.3333333333333333,0.2721655269759087,0,21,11.560715401553262,114.43928459844678
Maligne,2003,19,0.5714285714285714,0.1870439059165649,0,33.25,25.050348651417465,49.42965134858254
Maligne,2001,12,NA,NA,0,14.87863060745109,13.614917154612801,16.400937753575324
Maligne,2000,41,NA,NA,0,50.83532124212456,46.51763361159374,56.036537324715695
Maligne,1998,68,NA,NA,0,84.31224010888951,77.15119720947254,92.93864727026018
Maligne,1996,40,NA,NA,0,49.5954353581703,45.38305718204267,54.66979251191775
Maligne,1993,41,NA,NA,0,50.83532124212456,46.51763361159374,56.036537324715695
Maligne,1988,40,0.99,0.07486035635450085,1,40.4040404040404,37.563610816481244,43.7091762746265
Monashee,2016,1,NA,NA,0,1.2398858839542575,1.1345764295510667,1.3667448127979438
Monashee,2011,3,NA,NA,0,3.7196576518627724,3.4037292886532002,4.100234438393831
Monashee,2008,5,NA,NA,0,6.199429419771287,5.672882147755334,6.8337240639897185
Monashee,2006,7,1,0,0,7,7,7
Monashee,2004,7,1,0.35227702039602043,0,7,5.176454154304877,10.807089173028611
Monashee,2002,4,1,0,0,4,4,4
Monashee,1994,10,NA,NA,0,12.398858839542575,11.345764295510667,13.667448127979437
Quintette,2019,48,0.6,0.15491933384829668,0,80,63.582952307386186,107.84561912118525
Nakusp,2021,28,1,0.10661901579037582,0,28,25.302294285989362,31.3416118038058
Nakusp,2019,25,0.99,0.07486035635450085,1,25.252525252525253,23.477256760300776,27.31823517164156
Nakusp,2018,31,1,0.11617974051919268,0,31,27.773304670070704,35.075004976929
Nakusp,2017,29,NA,NA,0,35.956690634673464,32.90271645698093,39.63559957114037
Nakusp,2016,35,NA,NA,0,43.39600593839901,39.71017503428734,47.83606844792803
Nakusp,2015,43,NA,NA,0,53.31509301003307,48.78678647069587,58.77002695031158
Nakusp,2014,50,NA,NA,0,61.99429419771287,56.72882147755334,68.33724063989719
Nakusp,2012,85,NA,NA,0,105.39030013611188,96.43899651184067,116.17330908782522
Nakusp,2010,77,NA,NA,0,95.47121306447782,87.36238507543214,105.23935058544167
Nakusp,2008,85,NA,NA,0,105.39030013611188,96.43899651184067,116.17330908782522
Nakusp,2007,59,NA,NA,0,73.15326715330119,66.94000934351294,80.63794395507868
Nakusp,2006,74,NA,NA,0,91.75155541261505,83.95865578677893,101.13911614704783
Nakusp,2005,94,0.99,0.07486035635450085,1,94.94949494949495,88.27448541873092,102.71656424537227
Nakusp,2004,70,NA,NA,0,86.79201187679801,79.42035006857468,95.67213689585606
Nakusp,2002,76,0.6666666666666666,0.15713484026367724,0,114,92.25523303931773,149.15653166656466
Nakusp,1999,151,0.8235294117647058,0.09245944094039717,0,183.35714285714286,164.84916770991921,206.54657697093188
Nakusp,1997,198,0.9565217391304348,0.04252257799320223,0,207,198.18940622180273,216.63039575839528
Nakusp,1996,172,0.9230769230769231,0.07390530175619404,0,186.33333333333331,172.52062846836685,202.5503392735686
Nakusp,1995,43,NA,NA,0,53.31509301003307,48.78678647069587,58.77002695031158
Nakusp,1994,148,NA,NA,0,183.5031108252301,167.91731157355787,202.27823229409566
Narraway BC,2015,30,0.99,0.07486035635450085,1,30.303030303030305,28.17270811236093,32.78188220596987
Narraway BC,2013,48,0.99,0.07486035635450085,1,48.484848484848484,45.07633297977749,52.4510115295518
Narraway BC,2011,56,0.99,0.07486035635450085,1,56.56565656565657,52.589055143073736,61.1928467844771
Quintette,2021,49,0.36363636363636365,0.14504073367590284,0,134.75,96.32829993507629,224.15818655141018
Narraway BC,2008,80,0.99,0.07486035635450085,1,80.8080808080808,75.12722163296249,87.418352549253
Narrow Lake,2018,15,1,0.3540835002158738,0,15,11.077603410431214,23.222815959978103
Narrow Lake,2017,20,NA,NA,0,24.79771767908515,22.691528591021335,27.334896255958874
Narrow Lake,2016,31,NA,NA,0,38.43646240258198,35.17186931608307,42.369089196736255
Narrow Lake,2014,39,NA,NA,0,48.35554947421604,44.2484807524916,53.30304769911981
Narrow Lake,2012,36,NA,NA,0,44.635891822353265,40.844751463838406,49.202813260725975
Narrow Lake,2010,15,0.99,0.07486035635450085,1,15.151515151515152,14.086354056180465,16.390941102984936
Narrow Lake,2009,21,NA,NA,0,26.037603563039408,23.826105020572403,28.701641068756818
Narrow Lake,2008,40,NA,NA,0,49.5954353581703,45.38305718204267,54.66979251191775
Narrow Lake,2007,48,NA,NA,0,59.51452242980436,54.459668618451204,65.6037510143013
Narrow Lake,2006,33,NA,NA,0,40.9162341704905,37.4410221751852,45.10257882233214
Narrow Lake,2005,34,0.99,0.07486035635450085,1,34.343434343434346,31.929069194009056,37.152799833432525
Narrow Lake,2004,23,NA,NA,0,28.51737533094792,26.095257879674534,31.435130694352704
Narrow Lake,2002,61,NA,NA,0,75.6330389212097,69.20916220261508,83.37143358067456
Narrow Lake,1999,67,NA,NA,0,83.07235422493525,76.01662077992147,91.57190245746223
North Cariboo,2020,97,0.6666666666666666,0.13608276348795434,0,145.5,120.83471673261283,182.81745718043067
North Cariboo,2018,137,0.7142857142857143,0.1207363221040738,0,191.79999999999998,164.06752640004393,230.81482654113253
North Cariboo,2011,163,NA,NA,0,202.10139908454397,184.9359580168239,222.77940448606483
North Cariboo,2006,209,NA,NA,0,259.1361497464398,237.12647377617296,285.6496658747702
North Cariboo,2005,215,NA,NA,0,266.57546505016535,243.93393235347935,293.8501347515579
North Cariboo,2002,236,NA,NA,0,292.61306861320475,267.76003737405176,322.55177582031473
North Cariboo,1999,258,NA,NA,0,319.89055806019843,292.7207188241752,352.6201617018695
Purcells Central,2009,0,NA,NA,0,0,0,0
Purcells Central,2007,0,NA,NA,0,0,0,0
Purcells Central,2006,0,NA,NA,0,0,0,0
Purcells Central,2005,1,0.99,0.07486035635450085,1,1.0101010101010102,0.939090270412031,1.0927294068656626
Purcells Central,2004,6,0.99,0.07486035635450085,1,6.0606060606060606,5.634541622472186,6.556376441193975
Purcells Central,2003,6,NA,NA,0,7.439315303725545,6.8074585773064005,8.200468876787662
Purcells Central,2002,5,NA,NA,0,6.199429419771287,5.672882147755334,6.8337240639897185
Purcells Central,2000,5,NA,NA,0,6.199429419771287,5.672882147755334,6.8337240639897185
Purcells Central,1998,5,1,0.2659115100054458,0,5,3.949723152433056,6.811167956109886
Purcells Central,1997,14,0.99,0.07486035635450085,1,14.141414141414142,13.147263785768434,15.298211696119274
Purcells Central,1996,17,0.99,0.07486035635450085,1,17.171717171717173,15.964534597004528,18.576399916716262
Purcells Central,1995,15,1,0.2746032820599089,0,15,11.768367625539325,20.6783400434944
Purcells Central,1994,15,NA,NA,0,18.59828825931386,17.018646443266,20.501172191969157
Purcells South,2018,4,NA,NA,0,4.95954353581703,4.538305718204267,5.466979251191775
Purcells South,2017,13,NA,NA,0,16.118516491405348,14.749493584163869,17.767682566373267
Purcells South,2016,16,NA,NA,0,19.83817414326812,18.153222872817068,21.8679170047671
Purcells South,2015,19,NA,NA,0,23.55783179513089,21.556952161470267,25.96815144316093
Purcells South,2014,19,NA,NA,0,23.55783179513089,21.556952161470267,25.96815144316093
Purcells South,2013,20,1,0.2183463134852793,0,20,16.415693779863563,25.586778831910934
Purcells South,2012,14,NA,NA,0,17.358402375359603,15.884070013714934,19.134427379171214
Purcells South,2011,15,NA,NA,0,18.59828825931386,17.018646443266,20.501172191969157
Purcells South,2010,15,NA,NA,0,18.59828825931386,17.018646443266,20.501172191969157
Purcells South,2009,14,NA,NA,0,17.358402375359603,15.884070013714934,19.134427379171214
Purcells South,2007,15,NA,NA,0,18.59828825931386,17.018646443266,20.501172191969157
Purcells South,2006,16,NA,NA,0,19.83817414326812,18.153222872817068,21.8679170047671
Purcells South,2005,10,NA,NA,0,12.398858839542575,11.345764295510667,13.667448127979437
Purcells South,2004,11,NA,NA,0,13.638744723496831,12.480340725061735,15.03419294077738
Purcells South,2003,9,NA,NA,0,11.158972955588316,10.211187865959602,12.300703315181494
Purcells South,2002,13,0,0,0,16.118516491405348,14.749493584163869,17.767682566373267
Purcells South,2000,13,1,0.35397923851732294,0,13,9.601328905335114,20.123192279709098
Purcells South,1998,13,0.3333333333333333,0.2721655269759087,0,39,21.469900031456056,212.53009996854402
Purcells South,1997,37,0.99,0.07486035635450085,1,37.37373737373738,34.746340005245145,40.43098805402951
Purcells South,1996,46,0.99,0.07486035635450085,1,46.464646464646464,43.19815243895343,50.265552715820476
Purcells South,1995,63,1,0.13359048561337725,0,63,55.575625236402,72.71388293167699
Purcells South,1994,54,0.75,0.21650635094610965,0,72,55.8713348827347,101.21957420817438
Purcells South,1993,44,NA,NA,0,54.554978893987325,49.92136290024694,60.13677176310952
Rainbows,2020,24,1,0.35546604072134197,0,24,17.706087263704415,37.23620711445528
Rainbows,2016,32,NA,NA,0,39.67634828653624,36.306445745634136,43.7358340095342
Rainbows,2008,44,NA,NA,0,54.554978893987325,49.92136290024694,60.13677176310952
Rainbows,2001,45,0.75,0.21650635094610965,0,60,46.55944573561225,84.34964517347865
Rainbows,2000,57,0.8,0.17888543819998315,0,71.25,58.229490168751575,91.77050983124842
Rainbows,2000,108,NA,NA,0,133.9076754670598,122.5342543915152,147.60843978217792
Rainbows,1999,96,0.8333333333333334,0.15214515486254612,0,115.19999999999999,97.41460737082926,140.9302202153776
Rainbows,1999,120,NA,NA,0,148.7863060745109,136.149171546128,164.00937753575326
Rainbows,1998,98,0.7142857142857143,0.17074694419062766,0,137.2,110.7303770786439,180.29992595165913
Rainbows,1998,107,NA,NA,0,132.66778958310553,121.39967796196414,146.24169496937998
Rainbows,1997,111,1,0.135140054250523,0,111,97.78529053253065,128.3444799883856
Rainbows,1997,106,NA,NA,0,131.4279036991513,120.26510153241307,144.87495015658203
Rainbows,1996,73,0.4,0.21908902300206645,0,182.5,117.91519036472454,403.51338106384685
Rainbows,1996,127,NA,NA,0,157.4655072621907,144.09120655298548,173.57659122533886
Rainbows,1995,178,NA,NA,0,220.69968734385782,201.95460446008988,243.28057667803398
Rainbows,1995,145,NA,NA,0,179.78345317336732,164.5135822849047,198.17799785570185
Rainbows,1988,84,NA,NA,0,104.15041425215763,95.30442008228961,114.80656427502727
Rainbows,1987,103,NA,NA,0,127.70824604728851,116.86137224375987,140.77471571818822
Rainbows,1987,51,NA,NA,0,63.23418008166713,57.86339790710441,69.70398545269514
Rainbows,1986,118,1,0.1526436302491309,0,118,102.3733588624401,139.25663889762598
Rainbows,1986,117,NA,NA,0,145.06664842264811,132.74544225747482,159.90914309735942
Rainbows,1985,75,1,0.2058988388307032,0,75,62.19427167930899,94.44640515266862
South Selkirks,2019,0,NA,NA,0,0,0,0
South Selkirks,2018,3,NA,NA,0,3.7196576518627724,3.4037292886532002,4.100234438393831
South Selkirks,2017,11,NA,NA,0,13.638744723496831,12.480340725061735,15.03419294077738
South Selkirks,2016,12,NA,NA,0,14.87863060745109,13.614917154612801,16.400937753575324
South Selkirks,2015,14,NA,NA,0,17.358402375359603,15.884070013714934,19.134427379171214
South Selkirks,2014,18,NA,NA,0,22.317945911176633,20.422375731919203,24.601406630362987
South Selkirks,2013,27,NA,NA,0,33.47691886676495,30.6335635978788,36.90210994554448
South Selkirks,2012,27,NA,NA,0,33.47691886676495,30.6335635978788,36.90210994554448
South Selkirks,2011,36,NA,NA,0,44.635891822353265,40.844751463838406,49.202813260725975
South Selkirks,2010,43,NA,NA,0,53.31509301003307,48.78678647069587,58.77002695031158
South Selkirks,2009,46,0.5,0.25,0,92,61.333333333333336,184
South Selkirks,2008,46,0.8,0.17888543819998315,0,57.5,46.99222013618548,74.06041144276188
South Selkirks,2007,41,0.8333333333333334,0.15214515486254612,0,49.199999999999996,41.604155231291664,60.18894821698419
South Selkirks,2006,34,0.8571428571428571,0.13226001425322165,0,39.66666666666667,34.36416143812573,46.90413124480111
South Selkirks,2005,35,NA,NA,0,43.39600593839901,39.71017503428734,47.83606844792803
South Selkirks,2004,33,NA,NA,0,40.9162341704905,37.4410221751852,45.10257882233214
South Selkirks,2002,34,NA,NA,0,42.156120054444756,38.57559860473627,46.46932363513009
South Selkirks,2000,34,NA,NA,0,42.156120054444756,38.57559860473627,46.46932363513009
South Selkirks,1999,48,NA,NA,0,59.51452242980436,54.459668618451204,65.6037510143013
South Selkirks,1998,45,NA,NA,0,55.794864777941584,51.055939329798,61.50351657590747
South Selkirks,1997,39,NA,NA,0,48.35554947421604,44.2484807524916,53.30304769911981
South Selkirks,1996,39,NA,NA,0,48.35554947421604,44.2484807524916,53.30304769911981
South Selkirks,1995,52,NA,NA,0,64.47406596562139,58.997974336655474,71.07073026549307
South Selkirks,1994,45,NA,NA,0,55.794864777941584,51.055939329798,61.50351657590747
South Selkirks,1993,51,NA,NA,0,63.23418008166713,57.86339790710441,69.70398545269514
South Selkirks,1992,47,NA,NA,0,58.2746365458501,53.325092188900136,64.23700620150336
South Selkirks,1991,47,NA,NA,0,58.2746365458501,53.325092188900136,64.23700620150336
Takla,2020,37,NA,NA,0,45.875777706307524,41.97932789338947,50.569558073523915
Takla,2018,39,NA,NA,0,48.35554947421604,44.2484807524916,53.30304769911981
Takla,2017,44,0.99,0.07486035635450085,1,44.44444444444444,41.31997189812937,48.080093902089146
Takla,2015,67,NA,NA,0,83.07235422493525,76.01662077992147,91.57190245746223
Takla,2012,70,NA,NA,0,86.79201187679801,79.42035006857468,95.67213689585606
Takla,2004,122,NA,NA,0,151.2660778424194,138.41832440523015,166.74286716134912
Takla,1995,80,NA,NA,0,99.1908707163406,90.76611436408534,109.3395850238355
Takla,1993,82,NA,NA,0,101.67064248424911,93.03526722318747,112.07307464943139
Telkwa,2021,30,1,0.1302580163532886,0,30,26.542612010656867,34.49298822417889
Telkwa,2019,25,1,0.15286306655669749,0,25,21.685142602987973,29.511167572855218
Telkwa,2018,22,1,0.18112306745846954,0,22,18.626340138576253,26.86606390501083
Telkwa,2014,15,0.99,0.07486035635450085,1,15.151515151515152,14.086354056180465,16.390941102984936
Telkwa,2013,11,0.99,0.07486035635450085,1,11.11111111111111,10.329992974532342,12.020023475522287
Telkwa,2012,10,0.99,0.07486035635450085,1,10.1010101010101,9.390902704120311,10.927294068656625
Telkwa,2011,26,0.99,0.07486035635450085,1,26.262626262626263,24.416347030712807,28.410964578507222
Telkwa,2010,22,0.99,0.07486035635450085,1,22.22222222222222,20.659985949064684,24.040046951044573
Telkwa,2009,44,0.99,0.07486035635450085,1,44.44444444444444,41.31997189812937,48.080093902089146
Telkwa,2008,71,0.99,0.07486035635450085,1,71.71717171717172,66.6754091992542,77.58378788746204
Telkwa,2007,83,0.99,0.07486035635450085,1,83.83838383838383,77.94449244419857,90.69654076984999
Telkwa,2006,76,0.99,0.07486035635450085,1,76.76767676767678,71.37086055131435,83.04743492179034
Telkwa,2005,56,0.99,0.07486035635450085,1,56.56565656565657,52.589055143073736,61.1928467844771
Telkwa,2004,74,0.99,0.07486035635450085,1,74.74747474747475,69.49268001049029,80.86197610805903
Telkwa,1999,45,0.99,0.07486035635450085,1,45.45454545454545,42.2590621685414,49.17282330895481
Telkwa,1996,13,0.99,0.07486035635450085,1,13.131313131313131,12.208173515356403,14.205482289253611
Telkwa,1987,40,0.99,0.07486035635450085,1,40.4040404040404,37.563610816481244,43.7091762746265
Telkwa,1984,67,0.99,0.07486035635450085,1,67.67676767676768,62.91904811760608,73.21287025999939
Telkwa,1982,71,0.99,0.07486035635450085,1,71.71717171717172,66.6754091992542,77.58378788746204
Tweedsmuir,2021,165,0.99,0.07486035635450085,1,166.66666666666666,154.9498946179851,180.3003521328343
Wells Gray North,2020,202,NA,NA,0,250.45694855876,229.18443876931548,276.08245218518465
Wells Gray North,2018,192,NA,NA,0,238.05808971921743,217.83867447380482,262.4150040572052
Wells Gray North,2015,173,NA,NA,0,214.50025792408653,196.28172231233455,236.44685261404427
Wells Gray North,2012,226,NA,NA,0,280.21420977366216,256.4142730785411,308.88432769233526
Wells Gray North,2011,191,NA,NA,0,236.81820383526318,216.70409804425375,261.04825924440723
Wells Gray North,2010,200,NA,NA,0,247.97717679085147,226.91528591021336,273.34896255958876
Wells Gray North,2006,210,0.875,0.11692679333668567,0,240,211.7091718972456,277.0181008300271
Wells Gray North,2005,189,0.8181818181818182,0.11629129983033296,0,230.99999999999997,202.25300905610683,269.27276413976944
Wells Gray North,2004,187,1,0.08201454815049927,0,187,172.82577237028966,203.706931981595
Wells Gray North,2001,154,0.7142857142857143,0.17074694419062766,0,215.6,174.0048782664404,283.3284550668929
Wells Gray North,2000,148,0.7777777777777778,0.13857990321384966,0,190.28571428571428,161.50898614157222,231.54019418629662
Wells Gray North,1999,151,0.875,0.11692679333668567,0,172.57142857142858,152.22897598325756,199.18920583492425
Wells Gray North,1998,184,1,0.07186677586009929,0,184,171.6631246941605,198.24740157374762
Wells Gray North,1996,231,1,0.0630598052569069,0,231,217.29727608709166,246.54721965828318
Wells Gray North,1995,243,0.8235294117647058,0.09245944094039717,0,295.0714285714286,265.28707121530044,332.3895245293804
Wells Gray North,1994,249,0.9473684210526315,0.05122781719918819,0,262.83333333333337,249.35002803125795,277.8581831124371
Wells Gray North,1993,216,0.8666666666666667,0.0877707451472511,0,249.23076923076923,226.3113299273232,277.31561307785813
Wells Gray South,2020,132,NA,NA,0,163.664936681962,149.7640887007408,180.41031528932857
Wells Gray South,2019,113,NA,NA,0,140.10710488683108,128.20713653927055,154.44216384616763
Wells Gray South,2017,123,NA,NA,0,152.50596372637366,139.5529008347812,168.10961197414707
Wells Gray South,2013,110,NA,NA,0,136.3874472349683,124.80340725061734,150.34192940777382
Wells Gray South,2011,166,NA,NA,0,205.82105673640675,188.33968730547707,226.87963892445865
Wells Gray South,2008,159,NA,NA,0,197.14185554872694,180.39765229861962,217.31242523487305
Wells Gray South,2006,201,NA,NA,0,249.21706267480573,228.04986233976442,274.7157073723867
Wolverine,2019,253,0.9583333333333334,0.04078937543219002,0,264,253.222149572195,275.73610814105365
Wolverine,2018,233.75757575757575,0.8787878787878788,0.05681435554915709,0,266,249.84717562502988,284.3857729583909
Wolverine,2016,270,0.75,0.08183170883849714,0,360,324.5848855377325,404.0898132574482
Wolverine,2010,341,1,0.10373968583065693,0,341,308.94965939669805,380.4698195479512
Wolverine,2009,378,1,0.05099244098787743,0,378,359.66005582751853,398.31084211118645
Wolverine,2008,349.25,0.9166666666666666,0.07978559231302819,0,381,350.4934600254811,417.3233338676487
Wolverine,2007,375,1,0.09528372887848698,0,375,342.37703903807676,414.4945901493945
Quintette Full,2021,64,0.5333333333333333,0.12881223774390613,0,120,96.65548301694278,158.2117736202254
Brazeau,2022,6,0.99,0.07486035635450085,1,6.0606060606060606,5.634541622472186,6.556376441193975
Charlotte Alplands,2022,17,NA,NA,0,21.078060027222378,19.287799302368136,23.234661817565044
Columbia North,2022,168,0.8,0.10327955589886444,0,210,185.98893211174382,241.12971195605277
Columbia South,2022,1,NA,NA,0,1.2398858839542575,1.1345764295510667,1.3667448127979438
Frisby-Boulder,2022,9,1,0,0,9,9,9
Graham,2022,74,0.99,0.07486035635450085,1,74.74747474747475,69.49268001049029,80.86197610805903
Groundhog,2022,36,1,0.20672487192564223,0,36,29.832815115969783,45.38148080778544
Hart North,2022,126,0.8333333333333334,0.15214515486254612,0,151.2,127.85667217421341,184.9709140326831
Hart South,2022,359,1,0.06650651843650786,0,359,336.6130387335014,384.57686860192865
Kennedy Siding,2022,115,1,0.07984943009842109,0,115,106.49632883495481,124.97954548058435
Klinse-Za,2022,111,0.9512195121951219,0.033641202892560854,0,116.6923076923077,112.70629267623656,120.97060150034454
Narrow Lake,2022,1,1,0,0,1,1,1
North Cariboo,2022,145,0.9166666666666666,0.07978559231302819,0,158.1818181818182,145.516253983378,173.2623719708205
Quintette,2022,69,0.6923076923076923,0.1280077375904375,0,99.66666666666667,84.11398528559765,122.2753952453758
Quintette Full,2022,104,0.7777777777777778,0.09799078929868854,0,133.71428571428572,118.75283483532402,152.98910064854692
Rainbows,2022,20,NA,NA,0,24.79771767908515,22.691528591021335,27.334896255958874
Tonquin,2022,48,0.99,0.07486035635450085,1,48.484848484848484,45.07633297977749,52.4510115295518
Barkerville,2023,35,0.5,0.1767766952966369,0,70,51.7157287525381,108.2842712474619
Brazeau,2023,5,0.99,0.07486035635450085,1,5.05050505050505,4.6954513520601555,5.463647034328313
Columbia South,2023,0,NA,NA,0,0,0,0
Graham,2023,113,0.99,0.07486035635450085,1,114.14141414141415,106.11720055655951,123.47842297581985
Kennedy Siding,2023,114,0.8333333333333334,0.1075828707279838,0,136.79999999999998,121.15850434707882,157.0787837885144
Klinse-Za,2023,127,0.92,0.038366652186501746,0,138.04347826086956,132.51713184119154,144.05081240967954
Nakusp,2023,21,0.8181818181818182,0.11629129983033296,0,25.666666666666664,22.47255656178965,29.919196015529934
Quintette,2023,96,0.99,0.07486035635450085,1,96.96969696969697,90.15266595955498,104.9020230591036
Quintette Full,2023,99,0.6470588235294118,0.1159040430757386,0,153,129.75729794099482,186.38634846784495
Takla,2023,31,1,0.2778206173172129,0,31,24.260056208112033,42.925623111587164
Telkwa,2023,28,0.99,0.07486035635450085,1,28.282828282828284,26.294527571536868,30.59642339223855
Tonquin,2023,24,0.5,0.15811388300841897,0,48,36.46785247910198,70.1988141875647
Wells Gray North,2023,181,0.9,0.09486832980505137,0,201.11111111111111,181.93362335241662,224.80794968129123
Wells Gray South,2023,141,0.4166666666666667,0.14231876063832774,0,338.4,252.2427117282744,513.9459675170086
Wolverine,2023,242,0.7391304347826086,0.09156053715170008,0,327.4117647058824,291.3237391234552,373.70483230511627
A La Peche,2018,152,0.9,0.05,0,152,144.4,159.6
Narraway AB,2019,56,0.9,0.05,0,56,53.199999999999996,58.800000000000004
Redrock/Prairie Creek,2019,153,0.9,0.05,0,153,145.35,160.65
Tonquin,2003,60,0.8,0.08232226321751376,0,60,54.401891464192644,66.882386815
Tonquin,2004,62,0.8,0.09336326978014955,0,62,55.520527514194995,70.191652767
Tonquin,2005,67,0.8,0.08448960639647848,0,67,60.59992069140656,74.911560306
Tonquin,2006,76,0.8,0.061844613248321974,0,76,70.54635959357303,82.36748128
Tonquin,2007,74,0.8,0.0195685317996081,0,74,72.23312963225744,75.855475352
Tonquin,2008,101.00000000000001,0.8,0.021170873181992827,0,101.00000000000001,98.39608617254575,103.74547794600001
Tonquin,2009,100,0.8,0.015028538641652428,0,100,98.15607209697228,101.914533124
Tonquin,2010,85,0.8,0.01693527701335128,0,85,83.23792828313455,86.83828808
Tonquin,2011,79,0.8,0.015622927826142701,0,79,77.48678690095828,80.573492319
Tonquin,2012,50,0.8,0.03499777581159147,0,50,47.90431921943895,52.287429677
Tonquin,2013,55,0.8,0.021876266370623246,0,55,53.536039183005556,56.546276766
Tonquin,2014,58.00000000000001,0.8,0.01704183396373413,0,58.00000000000001,56.790237746944484,59.26242552000001
Tonquin,2015,41,0.8,0.028170763745289793,0,41,39.60535850319861,42.49644670000001
Tonquin,2016,38,0.8,0.035697029247152644,0,38,36.37681951243286,39.774802877
Tonquin,2017,41,0.8,0.02914384748848108,0,41,39.55887762944014,42.550091730000005
Tonquin,2018,49,0.8,0.023190111144783577,0,49,47.619619659286045,50.462797349
Tonquin,2019,38,0.8,0.13222537476704407,0,38,32.61014001855155,45.524341374
